img,cls,md5,blacklists
../database/youzi/20211116-091927WCP-md5-dfd3014518ec822a1deeb89f313fb736.png,youzi,dfd3014518ec822a1deeb89f313fb736,0
../database/youzi/20211116-091919WCP-md5-4debe7936be26b340ece2c12d6a7bf70.png,youzi,4debe7936be26b340ece2c12d6a7bf70,0
../database/youzi/20211116-093944WCP-md5-24d93116ea0f4464f8cd452aee51698f.png,youzi,24d93116ea0f4464f8cd452aee51698f,0
../database/youzi/20211116-092258WCP-md5-b7e7a5909a606aa0214ac1ff46e81794.png,youzi,b7e7a5909a606aa0214ac1ff46e81794,0
../database/youzi/20211116-093723WCP-md5-816ab920305f3d6129610820bf7e5fe7.png,youzi,816ab920305f3d6129610820bf7e5fe7,0
../database/youzi/20211116-093633WCP-md5-00e24860792281a9e5576902fb737025.png,youzi,00e24860792281a9e5576902fb737025,0
../database/youzi/20211116-093936WCP-md5-12aae021ff81d5b458633b52c7db1726.png,youzi,12aae021ff81d5b458633b52c7db1726,0
../database/youzi/20211116-093758WCP-md5-cd7a26e3e046728909993d7f9414ac73.png,youzi,cd7a26e3e046728909993d7f9414ac73,0
../database/youzi/20211116-093829WCP-md5-263d7900e1a25b55e36d2bb20f82cfe9.png,youzi,263d7900e1a25b55e36d2bb20f82cfe9,0
../database/youzi/20211119-150839WCP-md5-b7731e05f7704e93f94e018620b2b478.png,youzi,b7731e05f7704e93f94e018620b2b478,0
../database/youzi/20211116-091835WCP-md5-0e19bae4c70955ca4f209dceccceed4c.png,youzi,0e19bae4c70955ca4f209dceccceed4c,0
../database/youzi/20211116-091733WCP-md5-1a168b9c504abaf33d4f8592a06967dd.png,youzi,1a168b9c504abaf33d4f8592a06967dd,0
../database/youzi/20211116-092039WCP-md5-f15882aa8c24bebe486c37c00710f138.png,youzi,f15882aa8c24bebe486c37c00710f138,0
../database/youzi/20211116-091849WCP-md5-2c725965befe80ac5d25a632eba500ea.png,youzi,2c725965befe80ac5d25a632eba500ea,0
../database/youzi/20211116-091754WCP-md5-2a6994137ee0f6e4a0a02170667034eb.png,youzi,2a6994137ee0f6e4a0a02170667034eb,0
../database/youzi/20211116-093528WCP-md5-e89998fb90face6237aa4e9e5968901b.png,youzi,e89998fb90face6237aa4e9e5968901b,0
../database/youzi/20211116-091725WCP-md5-e44578f93ea188b35dcab8f81a31ecaf.png,youzi,e44578f93ea188b35dcab8f81a31ecaf,0
../database/youzi/20211116-093501WCP-md5-521e16d132650ffc6f722a3090a0ca91.png,youzi,521e16d132650ffc6f722a3090a0ca91,0
../database/youzi/20211116-092002WCP-md5-f8bdab2d7e898776b81f476465a0cd4b.png,youzi,f8bdab2d7e898776b81f476465a0cd4b,0
../database/youzi/20211119-150845WCP-md5-607de3b2a737920d4821940e7ccadd06.png,youzi,607de3b2a737920d4821940e7ccadd06,0
../database/youzi/20211116-093901WCP-md5-25897d1b1476436e825fa8a47b4f668c.png,youzi,25897d1b1476436e825fa8a47b4f668c,0
../database/youzi/20211116-093606WCP-md5-3b9ea44304685891e50f0c8eab7d1977.png,youzi,3b9ea44304685891e50f0c8eab7d1977,0
../database/youzi/20211116-093924WCP-md5-93baf4c05c117a6f88dd2d1af0caa48b.png,youzi,93baf4c05c117a6f88dd2d1af0caa48b,0
../database/youzi/20211116-092011WCP-md5-40422739bc42d0436c62ca7e73a00c8d.png,youzi,40422739bc42d0436c62ca7e73a00c8d,0
../database/youzi/20211116-093839WCP-md5-a70b788fa88dd8c0a7656a86f99b7c11.png,youzi,a70b788fa88dd8c0a7656a86f99b7c11,0
../database/youzi/20211116-091715WCP-md5-5263070a74c5321e0b88d237d7c12e98.png,youzi,5263070a74c5321e0b88d237d7c12e98,0
../database/youzi/20211116-092218WCP-md5-49592bdb859ec2093604a4fcf91287ad.png,youzi,49592bdb859ec2093604a4fcf91287ad,0
../database/youzi/20211116-091902WCP-md5-99956f314774bb1e823bd8870a24620b.png,youzi,99956f314774bb1e823bd8870a24620b,0
../database/youzi/20211116-092714WCP-md5-ea82efa8a11e6ff402b496e90574c9ed.png,youzi,ea82efa8a11e6ff402b496e90574c9ed,0
../database/youzi/20211116-092131WCP-md5-385d2bcd358b82642e34f84386d8a71a.png,youzi,385d2bcd358b82642e34f84386d8a71a,0
../database/youzi/20211116-091954WCP-md5-5f8c2a0bb7615c275348131b987764a6.png,youzi,5f8c2a0bb7615c275348131b987764a6,0
../database/youzi/20211116-093814WCP-md5-4ef5011c896376f21a052135d85d36e2.png,youzi,4ef5011c896376f21a052135d85d36e2,0
../database/youzi/20211116-091946WCP-md5-88d23a501c0cb316d034dcd6cbbfefd7.png,youzi,88d23a501c0cb316d034dcd6cbbfefd7,0
../database/youzi/20211116-093747WCP-md5-7acc47b4165388450ce6331aba67c49b.png,youzi,7acc47b4165388450ce6331aba67c49b,0
../database/youzi/20211116-091745WCP-md5-243dfed1e5c042bba8996b4a49d0abaf.png,youzi,243dfed1e5c042bba8996b4a49d0abaf,0
../database/youzi/20211116-092724WCP-md5-3b66a47c9ee04dd6f02725f95d04aa18.png,youzi,3b66a47c9ee04dd6f02725f95d04aa18,0
../database/youzi/20211116-092203WCP-md5-99ea779484d044fe55e946c0f6adca92.png,youzi,99ea779484d044fe55e946c0f6adca92,0
../database/youzi/20211116-093732WCP-md5-db3b30208e17b94787eac5ba870da603.png,youzi,db3b30208e17b94787eac5ba870da603,0
../database/youzi/20211116-093619WCP-md5-5438473fafd7dd2ef5e14c076db1599a.png,youzi,5438473fafd7dd2ef5e14c076db1599a,0
../database/youzi/20211116-093849WCP-md5-7319b02d1a74e5cb9ecf3c491c22e3a3.png,youzi,7319b02d1a74e5cb9ecf3c491c22e3a3,0
../database/youzi/20211116-091827WCP-md5-e2a43519b2bf6aca4876d7e993069c07.png,youzi,e2a43519b2bf6aca4876d7e993069c07,0
../database/youzi/20211116-093915WCP-md5-4643bdd275f6fcb62cb987a3ac42ea5b.png,youzi,4643bdd275f6fcb62cb987a3ac42ea5b,0
../database/youzi/20211116-092028WCP-md5-8ccfeca33a3b079ec6aa3629ddb51dfb.png,youzi,8ccfeca33a3b079ec6aa3629ddb51dfb,0
../database/youzi/20211116-091803WCP-md5-733a65a8b2085c81e420940741d50a9b.png,youzi,733a65a8b2085c81e420940741d50a9b,0
../database/youzi/20211116-093641WCP-md5-f22c98ed4ce70279d3632a553e383c4d.png,youzi,f22c98ed4ce70279d3632a553e383c4d,0
../database/youzi/20211116-091814WCP-md5-872cfa90630f1be763f6fcde2c999e68.png,youzi,872cfa90630f1be763f6fcde2c999e68,0
../database/youzi/20211116-093953WCP-md5-3dfaca083b18805b4c0b28e3af24b83d.png,youzi,3dfaca083b18805b4c0b28e3af24b83d,0
../database/youzi/20211116-091938WCP-md5-25c7cb99686d9b9d1fbe31c557b13cbe.png,youzi,25c7cb99686d9b9d1fbe31c557b13cbe,0
../database/youzi/20211119-150826WCP-md5-55096672faa4685fea08c3f806f4e454.png,youzi,55096672faa4685fea08c3f806f4e454,0
../database/xiaolizi/20211116-104025WCP-md5-6c7e9db54e27c7c5af27e80d81fd08bb.png,xiaolizi,6c7e9db54e27c7c5af27e80d81fd08bb,0
../database/xiaolizi/20211116-104704WCP-md5-3b31b70cb5d296e8eb473e99dcf99569.png,xiaolizi,3b31b70cb5d296e8eb473e99dcf99569,0
../database/xiaolizi/20211116-103901WCP-md5-0b9016e969fbcbb95eff5958d05e0cb1.png,xiaolizi,0b9016e969fbcbb95eff5958d05e0cb1,0
../database/xiaolizi/20211116-103041WCP-md5-c815f64360c842c7646912a0cc8c6f45.png,xiaolizi,c815f64360c842c7646912a0cc8c6f45,0
../database/xiaolizi/20211116-104034WCP-md5-8f6e06c88b2b5c38f61c958ef8c05fa0.png,xiaolizi,8f6e06c88b2b5c38f61c958ef8c05fa0,0
../database/xiaolizi/20211116-104511WCP-md5-33360d9b6379567e406bcbe776a5cccb.png,xiaolizi,33360d9b6379567e406bcbe776a5cccb,0
../database/xiaolizi/20211116-103112WCP-md5-3d3d9485b6d6dfaff7e8e9f82cf9e315.png,xiaolizi,3d3d9485b6d6dfaff7e8e9f82cf9e315,0
../database/xiaolizi/20211116-103337WCP-md5-b5888b3694a7cfaf90077d6290352c18.png,xiaolizi,b5888b3694a7cfaf90077d6290352c18,0
../database/xiaolizi/20211116-103102WCP-md5-33c840785dacd0ed85a2a89e8190ef77.png,xiaolizi,33c840785dacd0ed85a2a89e8190ef77,0
../database/xiaolizi/20211116-103008WCP-md5-0bf0d890428cd0b1a3e99ec8b2821b6f.png,xiaolizi,0bf0d890428cd0b1a3e99ec8b2821b6f,0
../database/xiaolizi/20211116-104656WCP-md5-88fd8099f02e31a6aa917accba0ab8d5.png,xiaolizi,88fd8099f02e31a6aa917accba0ab8d5,0
../database/xiaolizi/20211116-104749WCP-md5-b86425ae29b44354ea5356bb74af8ca1.png,xiaolizi,b86425ae29b44354ea5356bb74af8ca1,0
../database/xiaolizi/20211116-104605WCP-md5-a96a33a0b634508e397d5cbce5ab127b.png,xiaolizi,a96a33a0b634508e397d5cbce5ab127b,0
../database/xiaolizi/20211116-104051WCP-md5-01f7d11d8355165e3e7a6087810cf5b0.png,xiaolizi,01f7d11d8355165e3e7a6087810cf5b0,0
../database/xiaolizi/20211116-104541WCP-md5-51c9035f3f4125f0134e0cd97566b154.png,xiaolizi,51c9035f3f4125f0134e0cd97566b154,0
../database/xiaolizi/20211116-103137WCP-md5-74997b6dc783acbc20a9ace6e7219da9.png,xiaolizi,74997b6dc783acbc20a9ace6e7219da9,0
../database/xiaolizi/20211116-104733WCP-md5-920660810bcc8e7e4c485eff83fc01cf.png,xiaolizi,920660810bcc8e7e4c485eff83fc01cf,0
../database/xiaolizi/20211116-103329WCP-md5-c9e6bbee0ff39c983f6ca05775e89ef5.png,xiaolizi,c9e6bbee0ff39c983f6ca05775e89ef5,0
../database/xiaolizi/20211116-102951WCP-md5-a8b8d7d64810a5cb544f9fef3ec2697c.png,xiaolizi,a8b8d7d64810a5cb544f9fef3ec2697c,0
../database/xiaolizi/20211116-103017WCP-md5-cce2cbdf39e4df736d4f9035c100e8c3.png,xiaolizi,cce2cbdf39e4df736d4f9035c100e8c3,0
../database/xiaolizi/20211116-103939WCP-md5-d842568ea96d73823689447b50d6fc05.png,xiaolizi,d842568ea96d73823689447b50d6fc05,0
../database/xiaolizi/20211116-104641WCP-md5-0ea04b6745d9af3a3dd082bbb66f63b4.png,xiaolizi,0ea04b6745d9af3a3dd082bbb66f63b4,0
../database/xiaolizi/20211116-104000WCP-md5-2c773b2ed42d60fa4d4bbee0a3550489.png,xiaolizi,2c773b2ed42d60fa4d4bbee0a3550489,0
../database/xiaolizi/20211116-104649WCP-md5-fa72cc96a50836b706b783a4dde6be1c.png,xiaolizi,fa72cc96a50836b706b783a4dde6be1c,0
../database/xiaolizi/20211116-103809WCP-md5-d7cfb268a186facc4041d27d1926342b.png,xiaolizi,d7cfb268a186facc4041d27d1926342b,0
../database/xiaolizi/20211116-103055WCP-md5-dcfd1ba904bf964f7cf57cecc808bc62.png,xiaolizi,dcfd1ba904bf964f7cf57cecc808bc62,0
../database/xiaolizi/20211116-103405WCP-md5-81e5e65afb827d4518c77f6046babe67.png,xiaolizi,81e5e65afb827d4518c77f6046babe67,0
../database/xiaolizi/20211116-104123WCP-md5-40df759f8ed1a2e361f94542250b5336.png,xiaolizi,40df759f8ed1a2e361f94542250b5336,0
../database/xiaolizi/20211116-103922WCP-md5-e99e5449e21537d077c21675e95f8530.png,xiaolizi,e99e5449e21537d077c21675e95f8530,0
../database/xiaolizi/20211116-104409WCP-md5-9914dc8b438df69024e159c213ff5f16.png,xiaolizi,9914dc8b438df69024e159c213ff5f16,0
../database/xiaolizi/20211116-104417WCP-md5-afd309aecfee70b200e8cfdc86b656c5.png,xiaolizi,afd309aecfee70b200e8cfdc86b656c5,0
../database/xiaolizi/20211116-103127WCP-md5-1da37e2e5e6fce2ab1954a185b359175.png,xiaolizi,1da37e2e5e6fce2ab1954a185b359175,0
../database/xiaolizi/20211116-104042WCP-md5-49b92d806d1a9667f13b652a097bdd55.png,xiaolizi,49b92d806d1a9667f13b652a097bdd55,0
../database/xiaolizi/20211116-103153WCP-md5-a32db87ba6018893c143d288d45bed55.png,xiaolizi,a32db87ba6018893c143d288d45bed55,0
../database/xiaolizi/20211116-104549WCP-md5-a17208c7e46690a69f7f43a7235e269c.png,xiaolizi,a17208c7e46690a69f7f43a7235e269c,0
../database/xiaolizi/20211116-103027WCP-md5-8d95cf1e5ad1d4392740d2ebe81e2443.png,xiaolizi,8d95cf1e5ad1d4392740d2ebe81e2443,0
../database/xiaolizi/20211116-103000WCP-md5-3a904b92c1726e0b1a53e55ea676a8ad.png,xiaolizi,3a904b92c1726e0b1a53e55ea676a8ad,0
../database/xiaolizi/20211116-104740WCP-md5-e8ef400eabeb4007986b20caf7089b6e.png,xiaolizi,e8ef400eabeb4007986b20caf7089b6e,0
../database/xiaolizi/20211116-104132WCP-md5-cad24c7d00145d66fbfa1ee5c218f414.png,xiaolizi,cad24c7d00145d66fbfa1ee5c218f414,0
../database/xiaolizi/20211116-104721WCP-md5-f33709962d4d7d4d748c0bb5db64ad86.png,xiaolizi,f33709962d4d7d4d748c0bb5db64ad86,0
../database/xiaolizi/20211116-104758WCP-md5-5676da28651574580bde354a0eea80b3.png,xiaolizi,5676da28651574580bde354a0eea80b3,0
../database/xiaolizi/20211116-104017WCP-md5-99407ac4bd57cc3f11d149a9b201b2c9.png,xiaolizi,99407ac4bd57cc3f11d149a9b201b2c9,0
../database/xiaolizi/20211116-103910WCP-md5-8b7d7c3a4a21888fd92f585f00301473.png,xiaolizi,8b7d7c3a4a21888fd92f585f00301473,0
../database/xiaolizi/20211116-104711WCP-md5-fc3eb7e88cb4d600561cf058478d3430.png,xiaolizi,fc3eb7e88cb4d600561cf058478d3430,0
../database/xiaolizi/20211116-104556WCP-md5-20a3e2ffbf7532e1bbb440df2329deb2.png,xiaolizi,20a3e2ffbf7532e1bbb440df2329deb2,0
../database/xiaolizi/20211116-104107WCP-md5-34f1295bafdd090fbaf3bb9023f5fa73.png,xiaolizi,34f1295bafdd090fbaf3bb9023f5fa73,0
../database/pingguo/20211116-090158WCP-md5-c315434ba42f4cd48a435f5cc4e80f13.png,pingguo,c315434ba42f4cd48a435f5cc4e80f13,0
../database/pingguo/20211116-085749WCP-md5-c17076bb9e9fe702a25706eab1f09145.png,pingguo,c17076bb9e9fe702a25706eab1f09145,0
../database/pingguo/20211116-090420WCP-md5-e3ba02048fc5e8ae8e019095caf1266b.png,pingguo,e3ba02048fc5e8ae8e019095caf1266b,0
../database/pingguo/20211116-090433WCP-md5-900f5fd839a8381083981ffd17ed1581.png,pingguo,900f5fd839a8381083981ffd17ed1581,0
../database/pingguo/20211116-085833WCP-md5-26359c5353554ae1a2e977017bb52316.png,pingguo,26359c5353554ae1a2e977017bb52316,0
../database/pingguo/20211116-085807WCP-md5-5cb6713dd23388316312c754521c48a6.png,pingguo,5cb6713dd23388316312c754521c48a6,0
../database/pingguo/20211116-085932WCP-md5-aa0ef23852b447eefaaaf88dee922996.png,pingguo,aa0ef23852b447eefaaaf88dee922996,0
../database/pingguo/20211116-090253WCP-md5-fefbe5f0816a72fbe34d63c4313ce68f.png,pingguo,fefbe5f0816a72fbe34d63c4313ce68f,0
../database/pingguo/20211116-085959WCP-md5-cf2889b1fb43a4e3d42cc994f5b5c967.png,pingguo,cf2889b1fb43a4e3d42cc994f5b5c967,0
../database/pingguo/20211116-090040WCP-md5-d8c2b3daec3cd2c159e9107d66eb7050.png,pingguo,d8c2b3daec3cd2c159e9107d66eb7050,0
../database/pingguo/20211116-085901WCP-md5-34e1e09eb66239823b91ff7d7dd1f7de.png,pingguo,34e1e09eb66239823b91ff7d7dd1f7de,0
../database/pingguo/20211116-085815WCP-md5-41f4214ef4886daef133840e9b2ba7c7.png,pingguo,41f4214ef4886daef133840e9b2ba7c7,0
../database/pingguo/20211116-085941WCP-md5-3d80e70f4a78de41e279b5a624f00fc3.png,pingguo,3d80e70f4a78de41e279b5a624f00fc3,0
../database/pingguo/20211116-090223WCP-md5-f28879679dfc292b93176fc38f7c87c8.png,pingguo,f28879679dfc292b93176fc38f7c87c8,0
../database/pingguo/20211116-090108WCP-md5-8134d687adca4dd3e2b84b62c73dd9aa.png,pingguo,8134d687adca4dd3e2b84b62c73dd9aa,0
../database/pingguo/20211116-090207WCP-md5-1283f140c04a38a1a3e4e865b43eb356.png,pingguo,1283f140c04a38a1a3e4e865b43eb356,0
../database/pingguo/20211116-090117WCP-md5-dfb0a002185f94fb23d4d3a112be8e78.png,pingguo,dfb0a002185f94fb23d4d3a112be8e78,0
../database/pingguo/20211116-090019WCP-md5-77cc6dfdc87516dcb874b29852610dd9.png,pingguo,77cc6dfdc87516dcb874b29852610dd9,0
../database/pingguo/20211116-085951WCP-md5-a39179b633000b412a30d818da6d899c.png,pingguo,a39179b633000b412a30d818da6d899c,0
../database/pingguo/20211116-090244WCP-md5-f2d9cfcdf84872ba5ef0e44e58fcd419.png,pingguo,f2d9cfcdf84872ba5ef0e44e58fcd419,0
../database/pingguo/20211116-091030WCP-md5-cff8e444e3fafe2d3d5066fa9c8732ba.png,pingguo,cff8e444e3fafe2d3d5066fa9c8732ba,0
../database/pingguo/20211116-085911WCP-md5-043d76f506fc7ed74761d35759b32bf9.png,pingguo,043d76f506fc7ed74761d35759b32bf9,0
../database/pingguo/20211116-085616WCP-md5-01ff3e62ea02f48d1c8f93749353c0a7.png,pingguo,01ff3e62ea02f48d1c8f93749353c0a7,0
../database/pingguo/20211116-090126WCP-md5-969813bb97d5649bccb455d3da8ea392.png,pingguo,969813bb97d5649bccb455d3da8ea392,0
../database/pingguo/20211116-090215WCP-md5-4acb20c6dc13ccc632f15646ad8bdde0.png,pingguo,4acb20c6dc13ccc632f15646ad8bdde0,0
../database/pingguo/20211116-090302WCP-md5-ad849f4c7ada6d44ca9c30b819124f8d.png,pingguo,ad849f4c7ada6d44ca9c30b819124f8d,0
../database/pingguo/20211119-143509WCP-md5-d90eacfe0e394ec70a8af5dc42c123e4.png,pingguo,d90eacfe0e394ec70a8af5dc42c123e4,0
../database/pingguo/20211116-085633WCP-md5-5d915dd3b2ed5dd82558221a65e22630.png,pingguo,5d915dd3b2ed5dd82558221a65e22630,0
../database/pingguo/20211116-085923WCP-md5-d89710b6c9856cec37789ebbd0397a59.png,pingguo,d89710b6c9856cec37789ebbd0397a59,0
../database/pingguo/20211116-085852WCP-md5-e57cd4a2914b5efbb4be278e75a146ce.png,pingguo,e57cd4a2914b5efbb4be278e75a146ce,0
../database/pingguo/20211116-090031WCP-md5-5fb3a262471f270ad9bae0dc0b88973c.png,pingguo,5fb3a262471f270ad9bae0dc0b88973c,0
../database/pingguo/20211116-091008WCP-md5-2948678b2f35f90efb3496882aabcdf7.png,pingguo,2948678b2f35f90efb3496882aabcdf7,0
../database/pingguo/20211116-091040WCP-md5-d9047c5dc74bb9060501f4e61e1ebe00.png,pingguo,d9047c5dc74bb9060501f4e61e1ebe00,0
../database/pingguo/20211116-085606WCP-md5-35520d7eb81897a4a9ef934a1d810a7a.png,pingguo,35520d7eb81897a4a9ef934a1d810a7a,0
../database/pingguo/20211116-090135WCP-md5-6ecda870f359c35352091350ed7829e1.png,pingguo,6ecda870f359c35352091350ed7829e1,0
../database/pingguo/20211116-090321WCP-md5-88686d4ed40f97aae80e6a2c336be322.png,pingguo,88686d4ed40f97aae80e6a2c336be322,0
../database/pingguo/20211116-085625WCP-md5-50851faa41b0d300944ba8f6608e3d46.png,pingguo,50851faa41b0d300944ba8f6608e3d46,0
../database/pingguo/20211116-090148WCP-md5-b2e2056cf0a3f27c85b57867b885c6be.png,pingguo,b2e2056cf0a3f27c85b57867b885c6be,0
../database/pingguo/20211119-143434WCP-md5-d6572c7baddf102b3aa910f32f8e3847.png,pingguo,d6572c7baddf102b3aa910f32f8e3847,0
../database/pingguo/20211116-085824WCP-md5-809638e69997fd10a1f83c70ca793470.png,pingguo,809638e69997fd10a1f83c70ca793470,0
../database/pingguo/20211116-090310WCP-md5-7f0a41a2c094b5bea38abf57505c7953.png,pingguo,7f0a41a2c094b5bea38abf57505c7953,0
../database/pingguo/20211116-090234WCP-md5-2780a4e4f9637ab385b55bf1d6c39342.png,pingguo,2780a4e4f9637ab385b55bf1d6c39342,0
../database/pingguo/20211116-085841WCP-md5-c4c857e641c3c699e28e661d152e9b1f.png,pingguo,c4c857e641c3c699e28e661d152e9b1f,0
../database/pingguo/20211116-090100WCP-md5-b31fe49f8b707fceceb4bf0def58aab2.png,pingguo,b31fe49f8b707fceceb4bf0def58aab2,0
../database/pingguo/20211116-090049WCP-md5-00982480441414a9f76cef50c6ff8ea1.png,pingguo,00982480441414a9f76cef50c6ff8ea1,0
../database/pingguo/20211119-143353WCP-md5-5984f7f8b3dbedcd2218bff49d6b27b2.png,pingguo,5984f7f8b3dbedcd2218bff49d6b27b2,0
../database/pingguo/20211116-090738WCP-md5-41731750d5426a1c2d3b4d57587899ac.png,pingguo,41731750d5426a1c2d3b4d57587899ac,0
../database/pingguo/20211116-085758WCP-md5-011d45d5d4ba74cbb412906d146c3908.png,pingguo,011d45d5d4ba74cbb412906d146c3908,0
../database/pingguo/20211116-090008WCP-md5-9723a875e9b9a1eab65d1531bc13b063.png,pingguo,9723a875e9b9a1eab65d1531bc13b063,0
../database/chengzi/20211116-101640WCP-md5-b70facfd2b4b0b778a950902557df5b6.png,chengzi,b70facfd2b4b0b778a950902557df5b6,0
../database/chengzi/20211116-100854WCP-md5-73c9b8b94321bf4609c823a1d9459d2e.png,chengzi,73c9b8b94321bf4609c823a1d9459d2e,0
../database/chengzi/20211116-101326WCP-md5-2055befeb6b07ba19d7f2641e001fd38.png,chengzi,2055befeb6b07ba19d7f2641e001fd38,0
../database/chengzi/20211116-100527WCP-md5-9f6cf125dd823a858d807569a67b216e.png,chengzi,9f6cf125dd823a858d807569a67b216e,0
../database/chengzi/20211116-100407WCP-md5-e254049dbc5b7efbb0f697caf01cb5a7.png,chengzi,e254049dbc5b7efbb0f697caf01cb5a7,0
../database/chengzi/20211116-101159WCP-md5-b719d5f3d6ee1e5488e1d9107fd39c33.png,chengzi,b719d5f3d6ee1e5488e1d9107fd39c33,0
../database/chengzi/20211116-100959WCP-md5-5f72219e228366ec0165322a1ff5a7a8.png,chengzi,5f72219e228366ec0165322a1ff5a7a8,0
../database/chengzi/20211116-101352WCP-md5-4b6b31d054fa330350f49d4d1edb8927.png,chengzi,4b6b31d054fa330350f49d4d1edb8927,0
../database/chengzi/20211116-100836WCP-md5-6befd751e219a6d9b49f753b5a37e921.png,chengzi,6befd751e219a6d9b49f753b5a37e921,0
../database/chengzi/20211116-101631WCP-md5-22a0d9eecb6728bee77f639a8932eedb.png,chengzi,22a0d9eecb6728bee77f639a8932eedb,0
../database/chengzi/20211116-100845WCP-md5-4d607de9096d49d3f98fccac4309b556.png,chengzi,4d607de9096d49d3f98fccac4309b556,0
../database/chengzi/20211116-101703WCP-md5-34ee0dce289ba7ca5c4315bf42e3b552.png,chengzi,34ee0dce289ba7ca5c4315bf42e3b552,0
../database/chengzi/20211116-100348WCP-md5-59d6539f9ed57b161082d7169c5ddf2b.png,chengzi,59d6539f9ed57b161082d7169c5ddf2b,0
../database/chengzi/20211116-101550WCP-md5-2bbb041d4824a8c5a346156d4019b1e2.png,chengzi,2bbb041d4824a8c5a346156d4019b1e2,0
../database/chengzi/20211116-101034WCP-md5-2951ca80f7ad25ca655d637c7f0acc32.png,chengzi,2951ca80f7ad25ca655d637c7f0acc32,0
../database/chengzi/20211116-100505WCP-md5-c35a0ce81e402bd8a8bea93e1a22cad5.png,chengzi,c35a0ce81e402bd8a8bea93e1a22cad5,0
../database/chengzi/20211116-100519WCP-md5-0782d616bc41037f3d4e815755667841.png,chengzi,0782d616bc41037f3d4e815755667841,0
../database/chengzi/20211116-100951WCP-md5-186c99ed8b025caea71c8269df0ddb0a.png,chengzi,186c99ed8b025caea71c8269df0ddb0a,0
../database/chengzi/20211116-101400WCP-md5-5c1d0aad8072afb95d721705b29dc421.png,chengzi,5c1d0aad8072afb95d721705b29dc421,0
../database/chengzi/20211116-101024WCP-md5-bb6c5c5729e042f7c508c1bfafd55fb6.png,chengzi,bb6c5c5729e042f7c508c1bfafd55fb6,0
../database/chengzi/20211116-100457WCP-md5-212d87690f3cba3f5ba1a4146b13fb20.png,chengzi,212d87690f3cba3f5ba1a4146b13fb20,0
../database/chengzi/20211116-101343WCP-md5-fe036a13a1ed343831128676d04c8f42.png,chengzi,fe036a13a1ed343831128676d04c8f42,0
../database/chengzi/20211116-101006WCP-md5-9931c074acdf5af9262c7540a8a43cc2.png,chengzi,9931c074acdf5af9262c7540a8a43cc2,0
../database/chengzi/20211116-101215WCP-md5-cef253821029e0f526000d2832fb5b3b.png,chengzi,cef253821029e0f526000d2832fb5b3b,0
../database/chengzi/20211116-101042WCP-md5-292b7a7e805a0127d3c995b436125001.png,chengzi,292b7a7e805a0127d3c995b436125001,0
../database/chengzi/20211116-100416WCP-md5-8bbe93e76d1ff19ea46074c850596710.png,chengzi,8bbe93e76d1ff19ea46074c850596710,0
../database/chengzi/20211116-101014WCP-md5-537783c485fa7dd9a33cb560b340e144.png,chengzi,537783c485fa7dd9a33cb560b340e144,0
../database/chengzi/20211116-100357WCP-md5-20967f13881c7e5f6b159394e9c95a75.png,chengzi,20967f13881c7e5f6b159394e9c95a75,0
../database/chengzi/20211116-101651WCP-md5-6d2c2ac66979e11adeee0baed9be425f.png,chengzi,6d2c2ac66979e11adeee0baed9be425f,0
../database/chengzi/20211116-101106WCP-md5-92e87d29c98edeec25b9dfe1e42ed6bd.png,chengzi,92e87d29c98edeec25b9dfe1e42ed6bd,0
../database/chengzi/20211116-100924WCP-md5-9303f7f7248611c3bdbbbd5469485e0c.png,chengzi,9303f7f7248611c3bdbbbd5469485e0c,0
../database/chengzi/20211116-101524WCP-md5-414056e43218f87baaeaeca2d90d0352.png,chengzi,414056e43218f87baaeaeca2d90d0352,0
../database/chengzi/20211116-100933WCP-md5-5ce0a6f22fd63906cd8657927368f896.png,chengzi,5ce0a6f22fd63906cd8657927368f896,0
../database/chengzi/20211116-100435WCP-md5-7648a0858545a596110fbbeefbba850c.png,chengzi,7648a0858545a596110fbbeefbba850c,0
../database/chengzi/20211116-101426WCP-md5-9f1c8047b5f6d96ed8e34d424fab9005.png,chengzi,9f1c8047b5f6d96ed8e34d424fab9005,0
../database/chengzi/20211116-101408WCP-md5-4d9fce7aed028aafce06163fe73d2ab6.png,chengzi,4d9fce7aed028aafce06163fe73d2ab6,0
../database/chengzi/20211116-101718WCP-md5-f31ef25b3634dca99feb0bad0e8fb4ec.png,chengzi,f31ef25b3634dca99feb0bad0e8fb4ec,0
../database/chengzi/20211116-100912WCP-md5-0fae7246a7e78bfed785045133f87a0b.png,chengzi,0fae7246a7e78bfed785045133f87a0b,0
../database/chengzi/20211116-101537WCP-md5-4029a8a81e3f1ae46b946e98ce6fd7f1.png,chengzi,4029a8a81e3f1ae46b946e98ce6fd7f1,0
../database/chengzi/20211116-100449WCP-md5-d6284002618fb9efed2e96ac189a87b9.png,chengzi,d6284002618fb9efed2e96ac189a87b9,0
../database/chengzi/20211116-100902WCP-md5-9e1b3cbf5bf02ecf749c80fca06a306e.png,chengzi,9e1b3cbf5bf02ecf749c80fca06a306e,0
../database/chengzi/20211116-100942WCP-md5-939a3e51b22e51f8f3fb22a0eadae51d.png,chengzi,939a3e51b22e51f8f3fb22a0eadae51d,0
../database/chengzi/20211116-100426WCP-md5-de39d49899b4a5bb883d065a8007ffb5.png,chengzi,de39d49899b4a5bb883d065a8007ffb5,0
../database/chengzi/20211116-101142WCP-md5-29c505ae7d6f29c3744aa063c3300393.png,chengzi,29c505ae7d6f29c3744aa063c3300393,0
../database/chengzi/20211116-101335WCP-md5-1a46c8bc7b8745bee88909cdccc3b9e0.png,chengzi,1a46c8bc7b8745bee88909cdccc3b9e0,0
../database/chengzi/20211116-101417WCP-md5-0dce985ca9fcb563a814c8935455c042.png,chengzi,0dce985ca9fcb563a814c8935455c042,0
../database/yumi/20211115-154546WCP-md5-38e3826d144657098b826f5b877b054a.png,yumi,38e3826d144657098b826f5b877b054a,0
../database/yumi/20211115-155551WCP-md5-ea47af8df130a9fd0079d7fcd413d42a.png,yumi,ea47af8df130a9fd0079d7fcd413d42a,0
../database/yumi/20211115-154652WCP-md5-65b137b50d5da9b211d584d4864ccbbc.png,yumi,65b137b50d5da9b211d584d4864ccbbc,0
../database/yumi/20211115-154732WCP-md5-9f4b9c4766ec25241c434900f0476a9a.png,yumi,9f4b9c4766ec25241c434900f0476a9a,0
../database/yumi/20211115-154751WCP-md5-0ea6eb302e91f7d789a7c16ab56aa620.png,yumi,0ea6eb302e91f7d789a7c16ab56aa620,0
../database/yumi/20211115-154612WCP-md5-06fc1070509d845eaa5ff36cfed85309.png,yumi,06fc1070509d845eaa5ff36cfed85309,0
../database/yumi/20211115-154634WCP-md5-fea796b0c33e28a0727bb914184d5e79.png,yumi,fea796b0c33e28a0727bb914184d5e79,0
../database/yumi/20211115-155029WCP-md5-833af5f8b5664856759596b3108c4f56.png,yumi,833af5f8b5664856759596b3108c4f56,0
../database/yumi/20211115-154759WCP-md5-f09302961b427b9aa09d7157b9c96e06.png,yumi,f09302961b427b9aa09d7157b9c96e06,0
../database/yumi/20211115-155100WCP-md5-58e7938ef91502241a39613e55aef1ed.png,yumi,58e7938ef91502241a39613e55aef1ed,0
../database/yumi/20211115-154904WCP-md5-d5867eb4a553c5415daa56ad3c364e75.png,yumi,d5867eb4a553c5415daa56ad3c364e75,0
../database/yumi/20211115-154704WCP-md5-9c240e971044b4113f1ea3a0bdde617b.png,yumi,9c240e971044b4113f1ea3a0bdde617b,0
../database/yumi/20211115-155635WCP-md5-b98ff1c6b4cabdb79a8e1cf810412c3f.png,yumi,b98ff1c6b4cabdb79a8e1cf810412c3f,0
../database/yumi/20211115-154557WCP-md5-87a347b8a4e5d37515c456da9fdd222c.png,yumi,87a347b8a4e5d37515c456da9fdd222c,0
../database/yumi/20211115-155800WCP-md5-7bf67e647abfffbe4860cfdc75efd7db.png,yumi,7bf67e647abfffbe4860cfdc75efd7db,0
../database/yumi/20211115-155109WCP-md5-843e24a6de662ac7cf9f4fb3768dd95a.png,yumi,843e24a6de662ac7cf9f4fb3768dd95a,0
../database/yumi/20211115-155457WCP-md5-c7c9487c597e90e570b4ea30a70ac7de.png,yumi,c7c9487c597e90e570b4ea30a70ac7de,0
../database/yumi/20211115-155747WCP-md5-c9eaf104654a91d82db050fb2292e463.png,yumi,c9eaf104654a91d82db050fb2292e463,0
../database/yumi/20211115-155529WCP-md5-b6a4e361e3034878ea60e807a8f6e76a.png,yumi,b6a4e361e3034878ea60e807a8f6e76a,0
../database/yumi/20211119-150003WCP-md5-4f77ba188152d3eedc24657687044378.png,yumi,4f77ba188152d3eedc24657687044378,0
../database/yumi/20211115-154741WCP-md5-06c0d680de67bc7883392bbff3755473.png,yumi,06c0d680de67bc7883392bbff3755473,0
../database/yumi/20211115-154948WCP-md5-eb3d24d52f1975e5bdbafa0a202fef06.png,yumi,eb3d24d52f1975e5bdbafa0a202fef06,0
../database/yumi/20211115-155722WCP-md5-8db1651ce19542eead43a1db05879a4a.png,yumi,8db1651ce19542eead43a1db05879a4a,0
../database/yumi/20211115-155559WCP-md5-d1f816b966c559dc272760807db80bb4.png,yumi,d1f816b966c559dc272760807db80bb4,0
../database/yumi/20211115-154519WCP-md5-0ec49a32416868e8e4340eb456e13db3.png,yumi,0ec49a32416868e8e4340eb456e13db3,0
../database/yumi/20211119-145932WCP-md5-634f714acda4bc2b780c963cafe15c83.png,yumi,634f714acda4bc2b780c963cafe15c83,0
../database/yumi/20211115-155702WCP-md5-1da169979e002afc80502b7c114b8ef9.png,yumi,1da169979e002afc80502b7c114b8ef9,0
../database/yumi/20211115-155712WCP-md5-046f721535b0bc31652e538ceb0bc5a1.png,yumi,046f721535b0bc31652e538ceb0bc5a1,0
../database/yumi/20211115-154938WCP-md5-ca423f6d5338b13662f3411072a4300d.png,yumi,ca423f6d5338b13662f3411072a4300d,0
../database/yumi/20211115-154624WCP-md5-e4821d9a3b06eb37d6445088d952fb3f.png,yumi,e4821d9a3b06eb37d6445088d952fb3f,0
../database/yumi/20211115-155608WCP-md5-2f71524de49e0749bca0e9fafa445c59.png,yumi,2f71524de49e0749bca0e9fafa445c59,0
../database/yumi/20211115-154714WCP-md5-3238c95aed0e928367f1c4bcd8ce9267.png,yumi,3238c95aed0e928367f1c4bcd8ce9267,0
../database/yumi/20211115-154447WCP-md5-59f8313a94191187fe746a2b5a0e4e3c.png,yumi,59f8313a94191187fe746a2b5a0e4e3c,0
../database/yumi/20211115-154809WCP-md5-e2118ecff36fc29e0f0849a92b458a3f.png,yumi,e2118ecff36fc29e0f0849a92b458a3f,0
../database/yumi/20211115-155010WCP-md5-5181c3e7ea8e6c919c7c404fd9cefeeb.png,yumi,5181c3e7ea8e6c919c7c404fd9cefeeb,0
../database/yumi/20211115-154723WCP-md5-e1694267ee8b0b4e26807c755d427b39.png,yumi,e1694267ee8b0b4e26807c755d427b39,0
../database/yumi/20211115-155020WCP-md5-5afa0e19c2fdb9e163a1c061e91be251.png,yumi,5afa0e19c2fdb9e163a1c061e91be251,0
../database/yumi/20211115-154643WCP-md5-fa87a5a761260034e46e82d0ac417593.png,yumi,fa87a5a761260034e46e82d0ac417593,0
../database/yumi/20211115-154958WCP-md5-7ffadc3c353e65a6f8e1307e7c9fd328.png,yumi,7ffadc3c353e65a6f8e1307e7c9fd328,0
../database/yumi/20211119-150033WCP-md5-7e10c8aab86fbdc067b66972c335968a.png,yumi,7e10c8aab86fbdc067b66972c335968a,0
../database/yumi/20211115-154531WCP-md5-bb7ddc160a6dd881c4797a33e700b30c.png,yumi,bb7ddc160a6dd881c4797a33e700b30c,0
../database/yumi/20211115-155037WCP-md5-6814e776f0d4230aaa832e66a9898a6e.png,yumi,6814e776f0d4230aaa832e66a9898a6e,0
../database/yumi/20211115-155520WCP-md5-63583d770db14b98fd4901a1e7106d87.png,yumi,63583d770db14b98fd4901a1e7106d87,0
../database/yumi/20211115-155739WCP-md5-6e60418ae4d5be205983be8f78897253.png,yumi,6e60418ae4d5be205983be8f78897253,0
../database/yumi/20211115-155539WCP-md5-86c676bdcf271576bc6c47c6e888b3c5.png,yumi,86c676bdcf271576bc6c47c6e888b3c5,0
../database/yumi/20211115-155430WCP-md5-786fa261f3118f282432f9890daebbe6.png,yumi,786fa261f3118f282432f9890daebbe6,0
../database/yumi/20211115-155448WCP-md5-7e1898bf852f65e890fbb7632f27134d.png,yumi,7e1898bf852f65e890fbb7632f27134d,0
../database/yumi/20211115-155438WCP-md5-9a6cb36307923118bc7e6c8a7649c8c7.png,yumi,9a6cb36307923118bc7e6c8a7649c8c7,0
../database/yumi/20211115-154916WCP-md5-a755d1a2dfc040f46dd29531cd6e463f.png,yumi,a755d1a2dfc040f46dd29531cd6e463f,0
../database/jinzhengu/20211115-165718WCP-md5-66da70910858cb68a221ba865e40584a.png,jinzhengu,66da70910858cb68a221ba865e40584a,0
../database/jinzhengu/20211115-164732WCP-md5-8ab4f7e25d57615387033fc3496e7988.png,jinzhengu,8ab4f7e25d57615387033fc3496e7988,0
../database/jinzhengu/20211115-164502WCP-md5-74bcafb10469a1174b79211badfff3ea.png,jinzhengu,74bcafb10469a1174b79211badfff3ea,0
../database/jinzhengu/20211115-165007WCP-md5-21d2fe5a31be4f77813f226b60cec82e.png,jinzhengu,21d2fe5a31be4f77813f226b60cec82e,0
../database/jinzhengu/20211115-164433WCP-md5-147713cae168deb503371b49aa2da9a0.png,jinzhengu,147713cae168deb503371b49aa2da9a0,0
../database/jinzhengu/20211115-165019WCP-md5-d8c95bdc7b32e93a71111e1904237ebf.png,jinzhengu,d8c95bdc7b32e93a71111e1904237ebf,0
../database/jinzhengu/20211115-164609WCP-md5-b412a828d92847791ac23484974bbe63.png,jinzhengu,b412a828d92847791ac23484974bbe63,0
../database/jinzhengu/20211115-164408WCP-md5-122f68afafcbaaf3d128a4d9845c43b1.png,jinzhengu,122f68afafcbaaf3d128a4d9845c43b1,0
../database/jinzhengu/20211115-164452WCP-md5-4fbf94fbcb133d7d317c96746f6c3125.png,jinzhengu,4fbf94fbcb133d7d317c96746f6c3125,0
../database/jinzhengu/20211115-164422WCP-md5-769b92f0224be38bcee1622a05cd6a10.png,jinzhengu,769b92f0224be38bcee1622a05cd6a10,0
../database/jinzhengu/20211115-165051WCP-md5-d31f20088146acd96a373b9cd2744440.png,jinzhengu,d31f20088146acd96a373b9cd2744440,0
../database/jinzhengu/20211115-164721WCP-md5-3b542dac7bb49897dd3db8a89d77959d.png,jinzhengu,3b542dac7bb49897dd3db8a89d77959d,0
../database/jinzhengu/20211115-164952WCP-md5-c7fcf3fd35202296b70f5fd4db507781.png,jinzhengu,c7fcf3fd35202296b70f5fd4db507781,0
../database/jinzhengu/20211115-164528WCP-md5-402faa4bf6f31777f961aa2fc3341ae2.png,jinzhengu,402faa4bf6f31777f961aa2fc3341ae2,0
../database/jinzhengu/20211115-165040WCP-md5-64e2db00c43d27cfefff74d8fd7a98a4.png,jinzhengu,64e2db00c43d27cfefff74d8fd7a98a4,0
../database/jinzhengu/20211115-165754WCP-md5-19fd9adaa4d0ab89f47f6cd2dfd6ce95.png,jinzhengu,19fd9adaa4d0ab89f47f6cd2dfd6ce95,0
../database/jinzhengu/20211115-164745WCP-md5-99bef83ec0e9a40d22dd27fa36ddd79a.png,jinzhengu,99bef83ec0e9a40d22dd27fa36ddd79a,0
../database/jinzhengu/20211115-165728WCP-md5-85137cfdda5cd166117493d98c3a8b48.png,jinzhengu,85137cfdda5cd166117493d98c3a8b48,0
../database/jinzhengu/20211115-164550WCP-md5-82eb47dbd34221321777e872d0b10a8b.png,jinzhengu,82eb47dbd34221321777e872d0b10a8b,0
../database/jinzhengu/20211115-165806WCP-md5-d2f2654e02cad737a639b5807c671597.png,jinzhengu,d2f2654e02cad737a639b5807c671597,0
../database/jinzhengu/20211115-164539WCP-md5-4c41ccb3a6671f0e02de32be93a26baf.png,jinzhengu,4c41ccb3a6671f0e02de32be93a26baf,0
../database/jinzhengu/20211115-164513WCP-md5-200e5d885502ab98d5013d8ef62d5d5a.png,jinzhengu,200e5d885502ab98d5013d8ef62d5d5a,0
../database/jinzhengu/20211115-164935WCP-md5-625bc822c64088c87adc12360f07f969.png,jinzhengu,625bc822c64088c87adc12360f07f969,0
../database/jinzhengu/20211115-165644WCP-md5-21aca9abbed33c7067381f307cca9193.png,jinzhengu,21aca9abbed33c7067381f307cca9193,0
../database/jinzhengu/20211115-165544WCP-md5-a789bdbeeca798c76a6d58231dc8c1fd.png,jinzhengu,a789bdbeeca798c76a6d58231dc8c1fd,0
../database/jinzhengu/20211115-164817WCP-md5-0d50633ecc6e19f46f629fa4ec2a0dbf.png,jinzhengu,0d50633ecc6e19f46f629fa4ec2a0dbf,0
../database/jinzhengu/20211115-165820WCP-md5-3384b302cdfac9c727454ed31496e3b4.png,jinzhengu,3384b302cdfac9c727454ed31496e3b4,0
../database/jinzhengu/20211115-164442WCP-md5-fdab37ae4ef6c41ac1811905eff4f4cb.png,jinzhengu,fdab37ae4ef6c41ac1811905eff4f4cb,0
../database/jinzhengu/20211115-165157WCP-md5-e45e03bd7e3a374a1f445f428e8955f6.png,jinzhengu,e45e03bd7e3a374a1f445f428e8955f6,0
../database/jinzhengu/20211115-165208WCP-md5-5061caac4bd9d673c88fb2f27d0d1180.png,jinzhengu,5061caac4bd9d673c88fb2f27d0d1180,0
../database/jinzhengu/20211115-165029WCP-md5-1a7603c5c4e450aeceb07b2ff7ad908b.png,jinzhengu,1a7603c5c4e450aeceb07b2ff7ad908b,0
../database/jinzhengu/20211115-164827WCP-md5-b6c7178942c45aa5515695f2cfd02d1f.png,jinzhengu,b6c7178942c45aa5515695f2cfd02d1f,0
../database/jinzhengu/20211115-165655WCP-md5-4713fad840b7d6310b1d89de69b39bce.png,jinzhengu,4713fad840b7d6310b1d89de69b39bce,0
../database/jinzhengu/20211115-164755WCP-md5-fd38cb359bbb38ced55b05d945fabeae.png,jinzhengu,fd38cb359bbb38ced55b05d945fabeae,0
../database/jinzhengu/20211115-165604WCP-md5-522077b89ab9b078207f65cfaf7ee0b7.png,jinzhengu,522077b89ab9b078207f65cfaf7ee0b7,0
../database/jinzhengu/20211115-165115WCP-md5-e201906833181f6b9f9c30b7620f60d1.png,jinzhengu,e201906833181f6b9f9c30b7620f60d1,0
../database/jinzhengu/20211115-165534WCP-md5-c1236b7a6afe9f60818cdfba2eef2317.png,jinzhengu,c1236b7a6afe9f60818cdfba2eef2317,0
../database/jinzhengu/20211115-164713WCP-md5-15dcc750933de5d85f9184bb7629ee16.png,jinzhengu,15dcc750933de5d85f9184bb7629ee16,0
../database/jinzhengu/20211115-165102WCP-md5-791cf0ce9c8d814908006dfc10820f07.png,jinzhengu,791cf0ce9c8d814908006dfc10820f07,0
../database/jinzhengu/20211115-165740WCP-md5-3816e4e1540a05a2acda2dd9d1615d54.png,jinzhengu,3816e4e1540a05a2acda2dd9d1615d54,0
../database/jinzhengu/20211115-165615WCP-md5-2c37aa17e9c1fa61cf72275b42edaf47.png,jinzhengu,2c37aa17e9c1fa61cf72275b42edaf47,0
../database/jinzhengu/20211115-165635WCP-md5-6b1d3889f434f2ef8138a448394fbf79.png,jinzhengu,6b1d3889f434f2ef8138a448394fbf79,0
../database/jinzhengu/20211115-164600WCP-md5-fec1fa95bd9fc53b750b93bf00114f33.png,jinzhengu,fec1fa95bd9fc53b750b93bf00114f33,0
../database/jinzhengu/20211115-165553WCP-md5-f83eaa0587367cfdd2b8a5eade72f69c.png,jinzhengu,f83eaa0587367cfdd2b8a5eade72f69c,0
../database/jinzhengu/20211115-165623WCP-md5-1a55e0c5c290ad979de46620bca411c3.png,jinzhengu,1a55e0c5c290ad979de46620bca411c3,0
../database/jinzhengu/20211115-164805WCP-md5-acca7819190ca0bdf0fb4204c4050cce.png,jinzhengu,acca7819190ca0bdf0fb4204c4050cce,0
../database/qingcai/20211115-172117WCP-md5-ff433997e7150df1e58ff2d7f41db3f7.png,qingcai,ff433997e7150df1e58ff2d7f41db3f7,0
../database/qingcai/20211115-172106WCP-md5-287b6c78ff6e3d7d284e7ac67b89564b.png,qingcai,287b6c78ff6e3d7d284e7ac67b89564b,0
../database/qingcai/20211115-172747WCP-md5-5604e1f5b00115c0d2527793e5458908.png,qingcai,5604e1f5b00115c0d2527793e5458908,0
../database/qingcai/20211119-150515WCP-md5-13c0ee2fae41d36553718367afc51808.png,qingcai,13c0ee2fae41d36553718367afc51808,0
../database/qingcai/20211115-172703WCP-md5-e5437a96cebf3a927c29e6135a7285b9.png,qingcai,e5437a96cebf3a927c29e6135a7285b9,0
../database/qingcai/20211115-172930WCP-md5-2b38c2a9dbfbe0242e53f0cfc7f1f822.png,qingcai,2b38c2a9dbfbe0242e53f0cfc7f1f822,0
../database/qingcai/20211115-172714WCP-md5-1e374e0cf6eaf02d150ba6c5ddbd0c4c.png,qingcai,1e374e0cf6eaf02d150ba6c5ddbd0c4c,0
../database/qingcai/20211115-171817WCP-md5-8a500fba6374909d83cb93207656c868.png,qingcai,8a500fba6374909d83cb93207656c868,0
../database/qingcai/20211115-171742WCP-md5-d69d52c15e1885603341159e52781be1.png,qingcai,d69d52c15e1885603341159e52781be1,0
../database/qingcai/20211115-171559WCP-md5-4c2809a7dfafef59b3d99eae38a4a73d.png,qingcai,4c2809a7dfafef59b3d99eae38a4a73d,0
../database/qingcai/20211115-172847WCP-md5-f5627795a080191480936be55a741e08.png,qingcai,f5627795a080191480936be55a741e08,0
../database/qingcai/20211119-150527WCP-md5-a36ff9bc721468f57a4e1bff21ed34a0.png,qingcai,a36ff9bc721468f57a4e1bff21ed34a0,0
../database/qingcai/20211115-171647WCP-md5-a515367beae89f38d393a02385b9c5af.png,qingcai,a515367beae89f38d393a02385b9c5af,0
../database/qingcai/20211115-173010WCP-md5-de4b87d66d63ad978674bd40bd005a8d.png,qingcai,de4b87d66d63ad978674bd40bd005a8d,0
../database/qingcai/20211115-172736WCP-md5-21ee828f122b6660d62943f23f31a41b.png,qingcai,21ee828f122b6660d62943f23f31a41b,0
../database/qingcai/20211115-171659WCP-md5-9e611126ee61817ddd975c92bcc8d876.png,qingcai,9e611126ee61817ddd975c92bcc8d876,0
../database/qingcai/20211115-172128WCP-md5-31dafd2b87fcf9c012759164577c99e9.png,qingcai,31dafd2b87fcf9c012759164577c99e9,0
../database/qingcai/20211115-171918WCP-md5-38dd9087e011f0464e9196b91f88fe15.png,qingcai,38dd9087e011f0464e9196b91f88fe15,0
../database/qingcai/20211115-172908WCP-md5-ed40dd8b3606ab007a86265a8d23ad26.png,qingcai,ed40dd8b3606ab007a86265a8d23ad26,0
../database/qingcai/20211115-172941WCP-md5-cfcdb68d88528850ea990fe8c006fb35.png,qingcai,cfcdb68d88528850ea990fe8c006fb35,0
../database/qingcai/20211115-171903WCP-md5-0c8c45e3da11102329462997af4e327d.png,qingcai,0c8c45e3da11102329462997af4e327d,0
../database/qingcai/20211115-171719WCP-md5-3cc11685f7fb997377bac6d4d85b4762.png,qingcai,3cc11685f7fb997377bac6d4d85b4762,0
../database/qingcai/20211115-172035WCP-md5-9d572387d54b1ffe9e808ecbda0c2730.png,qingcai,9d572387d54b1ffe9e808ecbda0c2730,0
../database/qingcai/20211115-171610WCP-md5-59021a84346e7e63696eedf41b6909f2.png,qingcai,59021a84346e7e63696eedf41b6909f2,0
../database/qingcai/20211115-171931WCP-md5-450671c527e94f3f4224759c7588d8dc.png,qingcai,450671c527e94f3f4224759c7588d8dc,0
../database/qingcai/20211115-171429WCP-md5-b3862859f31a2217f765863979bb57a3.png,qingcai,b3862859f31a2217f765863979bb57a3,0
../database/qingcai/20211115-172020WCP-md5-1bd1fa18a64d1b94bd8d9ce190a640e4.png,qingcai,1bd1fa18a64d1b94bd8d9ce190a640e4,0
../database/qingcai/20211115-171319WCP-md5-05104a4bc19286bdd3791634e5bb6bfb.png,qingcai,05104a4bc19286bdd3791634e5bb6bfb,0
../database/qingcai/20211115-172136WCP-md5-789a60e1466cb87eec74e14031b1c71d.png,qingcai,789a60e1466cb87eec74e14031b1c71d,0
../database/qingcai/20211115-172917WCP-md5-d73f01b180d694100e8dcc70658ee828.png,qingcai,d73f01b180d694100e8dcc70658ee828,0
../database/qingcai/20211115-172956WCP-md5-38436c65100f10bb8dc388f46a2e1fd6.png,qingcai,38436c65100f10bb8dc388f46a2e1fd6,0
../database/qingcai/20211115-172757WCP-md5-162e9d96d31613465624ca704a52c38d.png,qingcai,162e9d96d31613465624ca704a52c38d,0
../database/qingcai/20211115-171833WCP-md5-e061877f9caf85f821801c336c6966e4.png,qingcai,e061877f9caf85f821801c336c6966e4,0
../database/qingcai/20211115-171757WCP-md5-0add47be1fff4a1466169f342d07e423.png,qingcai,0add47be1fff4a1466169f342d07e423,0
../database/qingcai/20211115-172648WCP-md5-2d68d60948137e4fe267fcaba822dc49.png,qingcai,2d68d60948137e4fe267fcaba822dc49,0
../database/qingcai/20211115-171731WCP-md5-5a375cd21d48a672ea670ae0b66b66dd.png,qingcai,5a375cd21d48a672ea670ae0b66b66dd,0
../database/qingcai/20211115-171333WCP-md5-9422de13f6a21b628a564c9dbd19ef30.png,qingcai,9422de13f6a21b628a564c9dbd19ef30,0
../database/qingcai/20211115-171853WCP-md5-9b364432399c4de486af1fa0a121f39d.png,qingcai,9b364432399c4de486af1fa0a121f39d,0
../database/qingcai/20211115-171621WCP-md5-4bf2b8ae66c3059002c89c6f5536a68a.png,qingcai,4bf2b8ae66c3059002c89c6f5536a68a,0
../database/qingcai/20211115-172725WCP-md5-9cb7686d22da0e0eb3c4031e8f20f3b4.png,qingcai,9cb7686d22da0e0eb3c4031e8f20f3b4,0
../database/qingcai/20211115-172045WCP-md5-74dc8fc6bed049b676a495ceefc1f74b.png,qingcai,74dc8fc6bed049b676a495ceefc1f74b,0
../database/qingcai/20211115-172055WCP-md5-06ec116d655a65f0be036bc3daf75d62.png,qingcai,06ec116d655a65f0be036bc3daf75d62,0
../database/qingcai/20211115-171954WCP-md5-825d3d88d38f4c1761b470e269e2122a.png,qingcai,825d3d88d38f4c1761b470e269e2122a,0
../database/qingcai/20211115-171709WCP-md5-da72f0c2d965caed84c357b61ffa11b4.png,qingcai,da72f0c2d965caed84c357b61ffa11b4,0
../database/qingcai/20211115-171843WCP-md5-e7442994e6e49f26e9a96b46cab6b3e6.png,qingcai,e7442994e6e49f26e9a96b46cab6b3e6,0
../database/qingcai/20211115-171631WCP-md5-93b849806ea7ed432673809dc0c824f9.png,qingcai,93b849806ea7ed432673809dc0c824f9,0
../database/qingcai/20211115-171400WCP-md5-cb464858e99b0bce132955226abc54f7.png,qingcai,cb464858e99b0bce132955226abc54f7,0
../database/qingcai/20211115-171347WCP-md5-55260290e5894ed7807563ac5447ac17.png,qingcai,55260290e5894ed7807563ac5447ac17,0
../database/bailuobo/20211115-114814WCP-md5-d53f6c0d170f9cc5e7cf2ccbb3e5f884.png,bailuobo,d53f6c0d170f9cc5e7cf2ccbb3e5f884,0
../database/bailuobo/20211115-115038WCP-md5-de9555e4392a158ce89d35bca68e2c50.png,bailuobo,de9555e4392a158ce89d35bca68e2c50,0
../database/bailuobo/20211115-114804WCP-md5-2ff80b4530ce5aea4b20a52dc0611060.png,bailuobo,2ff80b4530ce5aea4b20a52dc0611060,0
../database/bailuobo/20211115-115200WCP-md5-111f27c45726f7eed79aec3b618c7de1.png,bailuobo,111f27c45726f7eed79aec3b618c7de1,0
../database/bailuobo/20211115-115545WCP-md5-8dd8484de11e66a6f600bbd0894bdc63.png,bailuobo,8dd8484de11e66a6f600bbd0894bdc63,0
../database/bailuobo/20211115-114834WCP-md5-36fddf7715bd987044e4f3c7e8fdd7c7.png,bailuobo,36fddf7715bd987044e4f3c7e8fdd7c7,0
../database/bailuobo/20211115-115854WCP-md5-f2190d00e1b4b2c03706c6c6f341b7c6.png,bailuobo,f2190d00e1b4b2c03706c6c6f341b7c6,0
../database/bailuobo/20211115-115008WCP-md5-21e37a3850fcde7c97578d36441dc41f.png,bailuobo,21e37a3850fcde7c97578d36441dc41f,0
../database/bailuobo/20211119-145334WCP-md5-3b0a448939fae75208d0527c04d3716d.png,bailuobo,3b0a448939fae75208d0527c04d3716d,0
../database/bailuobo/20211115-120123WCP-md5-2533191cf5f55447dc1892fc545f8703.png,bailuobo,2533191cf5f55447dc1892fc545f8703,0
../database/bailuobo/20211115-115819WCP-md5-d9d71cc0addb7c4329e843ba07185a27.png,bailuobo,d9d71cc0addb7c4329e843ba07185a27,0
../database/bailuobo/20211115-120101WCP-md5-aee3ce96b97e9cde961de8a639a4984b.png,bailuobo,aee3ce96b97e9cde961de8a639a4984b,0
../database/bailuobo/20211115-115739WCP-md5-e02ca3c3399a50c6667f3ff1815aeceb.png,bailuobo,e02ca3c3399a50c6667f3ff1815aeceb,0
../database/bailuobo/20211115-115934WCP-md5-81d13fc31e1814679be19ac48ef9cc34.png,bailuobo,81d13fc31e1814679be19ac48ef9cc34,0
../database/bailuobo/20211115-115143WCP-md5-da53307750a97a5acc15105da3588492.png,bailuobo,da53307750a97a5acc15105da3588492,0
../database/bailuobo/20211115-114658WCP-md5-274e909d78e5411f42685d8c2ccfbc7c.png,bailuobo,274e909d78e5411f42685d8c2ccfbc7c,0
../database/bailuobo/20211115-152708WCP-md5-0ed8733dd49727c98fafcf1899059878.png,bailuobo,0ed8733dd49727c98fafcf1899059878,0
../database/bailuobo/20211115-115046WCP-md5-70d25391332535df83278ebd3468a326.png,bailuobo,70d25391332535df83278ebd3468a326,0
../database/bailuobo/20211119-145326WCP-md5-e8fa69de182b837a870cab1ea8c2f125.png,bailuobo,e8fa69de182b837a870cab1ea8c2f125,0
../database/bailuobo/20211115-115531WCP-md5-010a3a238a05a2e571668ddcefac8c04.png,bailuobo,010a3a238a05a2e571668ddcefac8c04,0
../database/bailuobo/20211115-115558WCP-md5-5b05c6275f866b859141cab185d62528.png,bailuobo,5b05c6275f866b859141cab185d62528,0
../database/bailuobo/20211115-114853WCP-md5-4f2130d9d661ef2360ac20445bbd2685.png,bailuobo,4f2130d9d661ef2360ac20445bbd2685,0
../database/bailuobo/20211115-115947WCP-md5-9f213d38bfa157922b54fb9fa9d54aa3.png,bailuobo,9f213d38bfa157922b54fb9fa9d54aa3,0
../database/bailuobo/20211115-115836WCP-md5-c35f3623aa86fb77657da0f4f54bf06f.png,bailuobo,c35f3623aa86fb77657da0f4f54bf06f,0
../database/bailuobo/20211115-114950WCP-md5-77bbc215225480da29dbe6687946386a.png,bailuobo,77bbc215225480da29dbe6687946386a,0
../database/bailuobo/20211115-115750WCP-md5-d4633de4a1fcee327ba541ec316bbc72.png,bailuobo,d4633de4a1fcee327ba541ec316bbc72,0
../database/bailuobo/20211115-114749WCP-md5-c36c29fbfb1ab8cd726fc2c856607d98.png,bailuobo,c36c29fbfb1ab8cd726fc2c856607d98,0
../database/bailuobo/20211115-115609WCP-md5-d6d4f84feb4bde960c7c65cb1c654787.png,bailuobo,d6d4f84feb4bde960c7c65cb1c654787,0
../database/bailuobo/20211115-114919WCP-md5-1b5b301bb35477242eca1067f70176de.png,bailuobo,1b5b301bb35477242eca1067f70176de,0
../database/bailuobo/20211115-120051WCP-md5-5c9c55fb8a83a0413d3da8a517c6d8ec.png,bailuobo,5c9c55fb8a83a0413d3da8a517c6d8ec,0
../database/bailuobo/20211115-115846WCP-md5-8dddf54836143de7c2502c9e20eced6a.png,bailuobo,8dddf54836143de7c2502c9e20eced6a,0
../database/bailuobo/20211115-114902WCP-md5-218bcd297874528301aa1d9437d59781.png,bailuobo,218bcd297874528301aa1d9437d59781,0
../database/bailuobo/20211115-114845WCP-md5-3408b11bd5fbbb4737532291814257c3.png,bailuobo,3408b11bd5fbbb4737532291814257c3,0
../database/bailuobo/20211115-114958WCP-md5-7f5835292ed500fc149944afe538998e.png,bailuobo,7f5835292ed500fc149944afe538998e,0
../database/bailuobo/20211115-114941WCP-md5-2d0fd94e3cd3e710cdfaffb0fb368910.png,bailuobo,2d0fd94e3cd3e710cdfaffb0fb368910,0
../database/bailuobo/20211115-115905WCP-md5-4846ccbe0dbacc0fdb0522985443b8a8.png,bailuobo,4846ccbe0dbacc0fdb0522985443b8a8,0
../database/bailuobo/20211115-120114WCP-md5-ac0d8447f0df7fa03fc7e65dcfed34aa.png,bailuobo,ac0d8447f0df7fa03fc7e65dcfed34aa,0
../database/bailuobo/20211115-115129WCP-md5-745915db1b2e2dc09f2901688293153c.png,bailuobo,745915db1b2e2dc09f2901688293153c,0
../database/bailuobo/20211119-145254WCP-md5-a03ea815fef14c785f780da98aebcd23.png,bailuobo,a03ea815fef14c785f780da98aebcd23,0
../database/bailuobo/20211115-115915WCP-md5-267d5bd1b8cab2e0d426f218360f9368.png,bailuobo,267d5bd1b8cab2e0d426f218360f9368,0
../database/bailuobo/20211115-114927WCP-md5-39ed0f1997f66c386f69b999ce485dfe.png,bailuobo,39ed0f1997f66c386f69b999ce485dfe,0
../database/bailuobo/20211115-114824WCP-md5-3066bff3751e16b6ca3b5c66cbddc8c8.png,bailuobo,3066bff3751e16b6ca3b5c66cbddc8c8,0
../database/bailuobo/20211115-120039WCP-md5-744646bf4f432b203d3eb4475b54b85e.png,bailuobo,744646bf4f432b203d3eb4475b54b85e,0
../database/bailuobo/20211115-115624WCP-md5-22a41fb2f6c904dca6933f99f5214223.png,bailuobo,22a41fb2f6c904dca6933f99f5214223,0
../database/bailuobo/20211115-120026WCP-md5-26393559e29e0425651ed5d02cd84a0e.png,bailuobo,26393559e29e0425651ed5d02cd84a0e,0
../database/bailuobo/20211115-115026WCP-md5-dc6b22adc7c1d2ac79b90f62387d95ec.png,bailuobo,dc6b22adc7c1d2ac79b90f62387d95ec,0
../database/bailuobo/20211115-115925WCP-md5-6eb628149eb9f6e832d5fa1783eb9243.png,bailuobo,6eb628149eb9f6e832d5fa1783eb9243,0
../database/bailuobo/20211115-114910WCP-md5-7e61caf0ae910dc3c68a094226f76158.png,bailuobo,7e61caf0ae910dc3c68a094226f76158,0
../database/bailuobo/20211115-115017WCP-md5-908e2ca212077ad8d12ed5188fc1a21d.png,bailuobo,908e2ca212077ad8d12ed5188fc1a21d,0